[
  {
    "id": "pollinica",
    "name": "Real Cofradía de Nuestro Padre Jesús a su Entrada en Jerusalén (La Pollinica)",
    "abbreviation": "La Pollinica",
    "description": "Procesiona en Domingo de Ramos. Descripción de ejemplo.",
    "emblem": "/images/pollinica.svg",
    "processionDay": "Domingo de Ramos",
    "time": "15:20",
    "route": [
      [
        36.7213,
        -4.4216
      ],
      [
        36.7221,
        -4.42
      ]
    ],
    "contact": {
      "email": "info@pollinica.es",
      "phone": ""
    },
    "gallery": [
      "/images/pollinica-1.svg"
    ]
  },
  {
    "id": "mena",
    "name": "Pontificia y Real Congregación del Santísimo Cristo de la Buena Muerte (Mena)",
    "abbreviation": "Mena",
    "description": "Procesiona en la Madrugada del Viernes Santo.",
    "emblem": "/images/mena.svg",
    "processionDay": "Viernes Santo (Madrugada)",
    "time": "00:55",
    "route": [],
    "contact": {},
    "gallery": []
  }
]